contrato,expiry,roll,desde,hasta,barras,ultimo_close
BTCU5,2025-09-26,2025-09-24,2024-09-30,2025-09-24,253,113480.0
BTCV5,2025-10-31,2025-10-29,2025-09-24,2025-10-29,26,110630.0
BTCX5,2025-11-28,2025-11-26,2025-10-29,2025-11-26,21,89915.0
BTCZ5,2025-12-26,2025-12-24,2025-11-26,2025-12-24,20,87245.0
BTCF6,2026-01-30,2026-01-28,2025-12-24,2026-01-28,23,89080.0
BTCG6,2026-02-27,2026-02-25,2026-01-28,2026-02-25,20,69220.0
BTCH6,2026-03-27,2026-03-25,2026-02-25,2026-03-25,21,70860.0
BTCJ6,2026-04-24,2026-04-22,2026-03-25,2026-04-22,21,78935.0
BTCK6,2026-05-29,2026-05-27,2026-04-22,2026-05-27,25,74905.0
BTCM6,2026-06-26,2026-06-24,2026-05-27,2026-06-24,20,59835.0
BTCN6,2026-07-31,2026-07-29,2026-06-24,2026-07-29,25,63540.0
BTCQ6,2026-08-28,2026-08-26,2026-07-29,2026-08-26,21,78520.0
BTCU6,2026-09-25,2026-09-23,2026-08-26,2026-09-04,8,80055.0
