time,open,high,low,close,volume
2024-09-30,69200.0,69200.0,69200.0,69200.0,0.0
2024-10-01,67265.0,67265.0,67265.0,67265.0,0.0
2024-10-02,65785.0,65785.0,65785.0,65785.0,0.0
2024-10-03,66620.0,66620.0,66620.0,66620.0,0.0
2024-10-04,68225.0,68225.0,68225.0,68225.0,0.0
2024-10-07,69080.0,69080.0,69080.0,69080.0,0.0
2024-10-08,67935.0,67935.0,67935.0,67935.0,0.0
2024-10-09,66575.0,66575.0,66575.0,66575.0,0.0
2024-10-10,65110.0,65110.0,65110.0,65110.0,0.0
2024-10-11,68815.0,68815.0,68815.0,68815.0,0.0
2024-10-14,71835.0,71835.0,71835.0,71835.0,0.0
2024-10-15,73015.0,73015.0,73015.0,73015.0,0.0
2024-10-16,73820.0,73820.0,73820.0,73820.0,0.0
2024-10-17,72800.0,72800.0,72800.0,72800.0,0.0
2024-10-18,74760.0,74760.0,74760.0,74760.0,0.0
2024-10-21,73710.0,73710.0,73710.0,73710.0,0.0
2024-10-22,73405.0,73405.0,73405.0,73405.0,0.0
2024-10-23,72155.0,72155.0,72155.0,72155.0,0.0
2024-10-24,74170.0,74170.0,74170.0,74170.0,0.0
2024-10-25,72555.0,72555.0,72555.0,72555.0,0.0
2024-10-28,75610.0,75610.0,75610.0,75610.0,0.0
2024-10-29,78790.0,78790.0,78790.0,78790.0,0.0
2024-10-30,78000.0,78000.0,78000.0,78000.0,0.0
2024-10-31,75935.0,75935.0,75935.0,75935.0,0.0
2024-11-01,75210.0,75210.0,75210.0,75210.0,0.0
2024-11-04,72970.0,72970.0,72970.0,72970.0,0.0
2024-11-05,75310.0,75310.0,75310.0,75310.0,0.0
2024-11-06,82660.0,82660.0,82660.0,82660.0,0.0
2024-11-07,83100.0,83100.0,83100.0,83100.0,0.0
2024-11-08,83200.0,83200.0,83200.0,83200.0,0.0
2024-11-11,94470.0,94470.0,94470.0,94470.0,0.0
2024-11-12,96920.0,96920.0,96920.0,96920.0,0.0
2024-11-13,97220.0,97220.0,97220.0,97220.0,0.0
2024-11-14,94770.0,94770.0,94770.0,94770.0,0.0
2024-11-15,99005.0,99005.0,99005.0,99005.0,0.0
2024-11-18,99050.0,99050.0,99050.0,99050.0,0.0
2024-11-19,100150.0,100150.0,100150.0,100150.0,0.0
2024-11-20,102020.0,102020.0,102020.0,102020.0,0.0
2024-11-21,106290.0,106290.0,106290.0,106290.0,0.0
2024-11-22,107220.0,107220.0,107220.0,107220.0,0.0
2024-11-25,102370.0,102370.0,102370.0,102370.0,0.0
2024-11-26,98325.0,98325.0,98325.0,98325.0,0.0
2024-11-27,104620.0,104620.0,104620.0,104620.0,0.0
2024-11-28,104620.0,104620.0,104620.0,104620.0,0.0
2024-11-29,105420.0,105420.0,105420.0,105420.0,0.0
2024-12-02,103865.0,103865.0,103865.0,103865.0,0.0
2024-12-03,104025.0,104025.0,104025.0,104025.0,0.0
2024-12-04,107140.0,107140.0,107140.0,107140.0,0.0
2024-12-05,107205.0,107205.0,107205.0,107205.0,0.0
2024-12-06,110155.0,110155.0,110155.0,110155.0,0.0
2024-12-09,103785.0,103785.0,103785.0,103785.0,0.0
2024-12-10,103925.0,103925.0,103925.0,103925.0,0.0
2024-12-11,109240.0,109240.0,109240.0,109240.0,0.0
2024-12-12,107595.0,107595.0,107595.0,107595.0,0.0
2024-12-13,109590.0,109590.0,109590.0,109590.0,0.0
2024-12-16,114345.0,114345.0,114345.0,114345.0,0.0
2024-12-17,115295.0,115295.0,115295.0,115295.0,0.0
2024-12-18,108045.0,108045.0,108045.0,108045.0,0.0
2024-12-19,103375.0,103375.0,103375.0,103375.0,0.0
2024-12-20,103550.0,103550.0,103550.0,103550.0,0.0
2024-12-23,99855.0,99855.0,99855.0,99855.0,0.0
2024-12-24,106135.0,106135.0,106135.0,106135.0,0.0
2024-12-26,102345.0,102345.0,102345.0,102345.0,0.0
2024-12-27,101175.0,101175.0,101175.0,101175.0,0.0
2024-12-30,100650.0,101060.0,100650.0,101060.0,1.0
2024-12-31,100020.0,100020.0,100020.0,100020.0,0.0
2025-01-02,104140.0,104140.0,104140.0,104140.0,0.0
2025-01-03,105200.0,105200.0,105200.0,105200.0,0.0
2025-01-06,109260.0,109260.0,109260.0,109260.0,0.0
2025-01-07,102995.0,102995.0,102995.0,102995.0,0.0
2025-01-08,100300.0,100300.0,100300.0,100300.0,0.0
2025-01-09,98030.0,98030.0,98030.0,98030.0,0.0
2025-01-10,101085.0,101085.0,101085.0,101085.0,0.0
2025-01-13,99845.0,99845.0,99845.0,99845.0,0.0
2025-01-14,102970.0,102970.0,102970.0,102970.0,0.0
2025-01-15,106225.0,106225.0,106225.0,106225.0,0.0
2025-01-16,106940.0,106940.0,106940.0,106940.0,0.0
2025-01-17,111980.0,111980.0,111980.0,111980.0,0.0
2025-01-20,111980.0,111980.0,111980.0,111980.0,0.0
2025-01-21,113190.0,113190.0,113190.0,113190.0,0.0
2025-01-22,110955.0,110955.0,110955.0,110955.0,0.0
2025-01-23,109960.0,109960.0,109960.0,109960.0,0.0
2025-01-24,111555.0,111555.0,111555.0,111555.0,0.0
2025-01-27,108485.0,108485.0,107825.0,107825.0,1.0
2025-01-28,107510.0,107510.0,107510.0,107510.0,0.0
2025-01-29,110710.0,110710.0,110710.0,110710.0,0.0
2025-01-30,111480.0,111480.0,111480.0,111480.0,0.0
2025-01-31,108700.0,108700.0,107600.0,107875.0,7.0
2025-02-03,107470.0,107470.0,107470.0,107470.0,0.0
2025-02-04,106250.0,106250.0,104705.0,104705.0,1.0
2025-02-05,102550.0,103215.0,102150.0,103215.0,2.0
2025-02-06,102710.0,102710.0,102710.0,102710.0,0.0
2025-02-07,101645.0,101645.0,101040.0,101080.0,5.0
2025-02-10,102515.0,103165.0,102455.0,103165.0,3.0
2025-02-11,100000.0,100875.0,99745.0,100875.0,3.0
2025-02-12,102510.0,102750.0,102360.0,102750.0,2.0
2025-02-13,101910.0,101910.0,101910.0,101910.0,0.0
2025-02-14,102885.0,102885.0,102885.0,102885.0,0.0
2025-02-17,102885.0,102885.0,102885.0,102885.0,0.0
2025-02-18,99335.0,99335.0,99335.0,99335.0,0.0
2025-02-19,101290.0,101290.0,101290.0,101290.0,0.0
2025-02-20,104050.0,104050.0,104050.0,104050.0,0.0
2025-02-21,99920.0,99920.0,99920.0,99920.0,0.0
2025-02-24,99195.0,99195.0,99195.0,99195.0,0.0
2025-02-25,92350.0,92500.0,92350.0,92500.0,1.0
2025-02-26,87995.0,88500.0,87995.0,88500.0,2.0
2025-02-27,87850.0,87955.0,87535.0,87535.0,2.0
2025-02-28,83755.0,88550.0,82345.0,88550.0,4.0
2025-03-03,90385.0,90385.0,90385.0,90385.0,0.0
2025-03-04,91265.0,91265.0,91265.0,91265.0,0.0
2025-03-05,95115.0,95115.0,95115.0,95115.0,0.0
2025-03-06,93420.0,93420.0,93420.0,93420.0,0.0
2025-03-07,91210.0,91210.0,91210.0,91210.0,0.0
2025-03-10,85635.0,85635.0,82750.0,82750.0,2.0
2025-03-11,87215.0,87215.0,87215.0,87215.0,0.0
2025-03-12,86890.0,86890.0,86890.0,86890.0,0.0
2025-03-13,83855.0,83855.0,83640.0,83835.0,3.0
2025-03-14,88610.0,88610.0,88610.0,88610.0,0.0
2025-03-17,88250.0,88250.0,88250.0,88250.0,0.0
2025-03-18,85595.0,85595.0,85595.0,85595.0,0.0
2025-03-19,88820.0,88820.0,88820.0,88820.0,0.0
2025-03-20,87500.0,87500.0,87500.0,87500.0,0.0
2025-03-21,87265.0,87265.0,87265.0,87265.0,0.0
2025-03-24,91910.0,91910.0,91910.0,91910.0,0.0
2025-03-25,91655.0,91655.0,91655.0,91655.0,0.0
2025-03-26,89835.0,89835.0,89835.0,89835.0,0.0
2025-03-27,90435.0,90435.0,90435.0,90435.0,0.0
2025-03-28,86240.0,86840.0,86240.0,86840.0,2.0
2025-03-31,85580.0,85625.0,85245.0,85245.0,2.0
2025-04-01,88000.0,88000.0,88000.0,88000.0,0.0
2025-04-02,90105.0,90105.0,90105.0,90105.0,0.0
2025-04-03,84705.0,84705.0,84705.0,84705.0,0.0
2025-04-04,86935.0,86935.0,86935.0,86935.0,0.0
2025-04-07,80730.0,80730.0,80730.0,80730.0,0.0
2025-04-08,80000.0,80000.0,79220.0,79220.0,2.0
2025-04-09,84800.0,84800.0,84800.0,84800.0,0.0
2025-04-10,81970.0,81970.0,81970.0,81970.0,0.0
2025-04-11,86340.0,86340.0,86340.0,86340.0,0.0
2025-04-14,87380.0,87380.0,87380.0,87380.0,0.0
2025-04-15,86445.0,86445.0,86445.0,86445.0,0.0
2025-04-16,86810.0,86810.0,86810.0,86810.0,0.0
2025-04-17,87430.0,87430.0,87430.0,87430.0,0.0
2025-04-21,90095.0,90095.0,90095.0,90095.0,0.0
2025-04-22,94375.0,94375.0,94375.0,94375.0,0.0
2025-04-23,97250.0,97250.0,95805.0,96415.0,4.0
2025-04-24,96640.0,96640.0,96640.0,96640.0,0.0
2025-04-25,98445.0,98445.0,98445.0,98445.0,0.0
2025-04-28,97720.0,97720.0,97720.0,97720.0,0.0
2025-04-29,98280.0,98280.0,98280.0,98280.0,0.0
2025-04-30,97010.0,97010.0,97010.0,97010.0,0.0
2025-05-01,99535.0,99535.0,99535.0,99535.0,0.0
2025-05-02,99895.0,99895.0,99895.0,99895.0,0.0
2025-05-05,97000.0,97050.0,96550.0,96975.0,13.0
2025-05-06,97230.0,97585.0,97230.0,97585.0,1.0
2025-05-07,98855.0,98855.0,98855.0,98855.0,0.0
2025-05-08,104075.0,104095.0,104075.0,104095.0,1.0
2025-05-09,105990.0,105990.0,105990.0,105990.0,0.0
2025-05-12,104510.0,104540.0,104510.0,104540.0,1.0
2025-05-13,107710.0,107710.0,107710.0,107710.0,0.0
2025-05-14,106025.0,106025.0,106025.0,106025.0,0.0
2025-05-15,105890.0,105890.0,105890.0,105890.0,0.0
2025-05-16,106890.0,106890.0,106890.0,106890.0,0.0
2025-05-19,108460.0,108460.0,108460.0,108460.0,0.0
2025-05-20,109940.0,109940.0,109940.0,109940.0,0.0
2025-05-21,111705.0,111705.0,111705.0,111705.0,0.0
2025-05-22,114450.0,114450.0,114330.0,114330.0,1.0
2025-05-23,112800.0,112800.0,111720.0,111720.0,1.0
2025-05-26,111720.0,111720.0,111720.0,111720.0,0.0
2025-05-27,113015.0,113015.0,113015.0,113015.0,0.0
2025-05-28,110640.0,110640.0,109820.0,109820.0,1.0
2025-05-29,110290.0,110290.0,108420.0,108420.0,5.0
2025-05-30,106775.0,107195.0,106765.0,107195.0,5.0
2025-06-02,106985.0,107090.0,106580.0,107090.0,10.0
2025-06-03,107850.0,108925.0,107850.0,108925.0,1.0
2025-06-04,107540.0,107540.0,107540.0,107540.0,0.0
2025-06-05,106000.0,106000.0,104245.0,104245.0,2.0
2025-06-06,106845.0,106845.0,106845.0,106845.0,0.0
2025-06-09,110435.0,111295.0,110435.0,111295.0,2.0
2025-06-10,112900.0,112900.0,112170.0,112170.0,1.0
2025-06-11,111305.0,111340.0,111305.0,111340.0,2.0
2025-06-12,109525.0,110060.0,109245.0,109245.0,3.0
2025-06-13,107175.0,107520.0,107175.0,107520.0,4.0
2025-06-16,110960.0,111245.0,110960.0,111085.0,3.0
2025-06-17,108570.0,108570.0,106750.0,107040.0,7.0
2025-06-18,106785.0,107125.0,106080.0,106080.0,13.0
2025-06-19,106080.0,106080.0,106080.0,106080.0,0.0
2025-06-20,105470.0,105470.0,105470.0,105470.0,0.0
2025-06-23,101890.0,105220.0,101890.0,105220.0,20.0
2025-06-24,107140.0,107715.0,107140.0,107715.0,1.0
2025-06-25,109955.0,110225.0,109145.0,109820.0,25.0
2025-06-26,109330.0,109650.0,108855.0,109615.0,25.0
2025-06-27,108695.0,109525.0,108520.0,108860.0,32.0
2025-06-30,109590.0,109750.0,109540.0,109675.0,9.0
2025-07-01,108670.0,108870.0,107075.0,107190.0,12.0
2025-07-02,107185.0,111795.0,107185.0,111755.0,28.0
2025-07-03,111400.0,111880.0,110740.0,111880.0,16.0
2025-07-07,111070.0,111435.0,109640.0,109915.0,26.0
2025-07-08,109820.0,110825.0,109730.0,110675.0,31.0
2025-07-09,110795.0,113805.0,110795.0,113720.0,22.0
2025-07-10,113300.0,115600.0,112815.0,115390.0,19.0
2025-07-11,118335.0,120505.0,117840.0,120105.0,45.0
2025-07-14,120360.0,124175.0,120360.0,121835.0,56.0
2025-07-15,120630.0,120630.0,117820.0,118295.0,70.0
2025-07-16,119700.0,121505.0,119080.0,121230.0,37.0
2025-07-17,120565.0,121745.0,119795.0,120890.0,48.0
2025-07-18,122300.0,122535.0,119045.0,119140.0,57.0
2025-07-21,119490.0,121035.0,118295.0,118360.0,97.0
2025-07-22,118860.0,122110.0,118715.0,121140.0,71.0
2025-07-23,121015.0,121015.0,119090.0,120190.0,41.0
2025-07-24,120135.0,121410.0,119650.0,120880.0,67.0
2025-07-25,120540.0,120590.0,116460.0,118610.0,443.0
2025-07-28,121085.0,121940.0,119125.0,119775.0,400.0
2025-07-29,119860.0,121000.0,118555.0,119055.0,179.0
2025-07-30,119220.0,120460.0,117300.0,118355.0,379.0
2025-07-31,118870.0,120520.0,117820.0,118180.0,165.0
2025-08-01,117500.0,117635.0,114145.0,114260.0,571.0
2025-08-04,115480.0,116980.0,115000.0,115980.0,279.0
2025-08-05,116410.0,116570.0,113815.0,114830.0,376.0
2025-08-06,114970.0,117020.0,114650.0,116525.0,272.0
2025-08-07,116400.0,118970.0,115435.0,118870.0,329.0
2025-08-08,118450.0,119040.0,116980.0,117660.0,354.0
2025-08-11,120010.0,123655.0,119875.0,120180.0,912.0
2025-08-12,119505.0,121500.0,119315.0,120890.0,369.0
2025-08-13,121355.0,124520.0,120220.0,124195.0,889.0
2025-08-14,124140.0,125890.0,118370.0,119175.0,1162.0
2025-08-15,119000.0,120530.0,117915.0,117990.0,584.0
2025-08-18,118890.0,119030.0,115710.0,117335.0,539.0
2025-08-19,117730.0,118000.0,113550.0,113935.0,1047.0
2025-08-20,114260.0,115255.0,113170.0,115170.0,505.0
2025-08-21,115295.0,115615.0,112800.0,112985.0,682.0
2025-08-22,113375.0,118345.0,112525.0,117590.0,1796.0
2025-08-25,114325.0,114490.0,110280.0,111610.0,2514.0
2025-08-26,110675.0,112185.0,109555.0,111915.0,2095.0
2025-08-27,112300.0,113460.0,111100.0,112880.0,2007.0
2025-08-28,112375.0,114225.0,111700.0,112740.0,2650.0
2025-08-29,112845.0,113390.0,108020.0,108775.0,6958.0
2025-09-02,109545.0,112410.0,107790.0,111385.0,9305.0
2025-09-03,111725.0,113215.0,111150.0,112830.0,4457.0
2025-09-04,112710.0,112840.0,109720.0,110245.0,5363.0
2025-09-05,110950.0,113810.0,110480.0,111955.0,8246.0
2025-09-08,111320.0,113420.0,111000.0,112480.0,3847.0
2025-09-09,112820.0,113840.0,111015.0,111695.0,6959.0
2025-09-10,111690.0,114925.0,111230.0,113975.0,7683.0
2025-09-11,114360.0,115195.0,113590.0,114930.0,4613.0
2025-09-12,114915.0,117320.0,114850.0,117265.0,5428.0
2025-09-15,116625.0,117240.0,114635.0,115575.0,6551.0
2025-09-16,115800.0,117335.0,114960.0,117090.0,4536.0
2025-09-17,117205.0,117685.0,114850.0,115825.0,7380.0
2025-09-18,116115.0,118295.0,116115.0,117770.0,6702.0
2025-09-19,117565.0,117795.0,115220.0,115265.0,5763.0
2025-09-22,115525.0,115655.0,111970.0,112250.0,7823.0
2025-09-23,113060.0,113470.0,111550.0,111715.0,5002.0
2025-09-24,112955.0,114895.0,111860.0,114280.0,2330.0
2025-09-25,114255.0,114540.0,109225.0,110020.0,5299.0
2025-09-26,110125.0,110990.0,109270.0,109770.0,5531.0
2025-09-29,111355.0,115340.0,111355.0,115230.0,7688.0
2025-09-30,115045.0,115765.0,113460.0,115185.0,4753.0
2025-10-01,115065.0,119145.0,114570.0,118285.0,6841.0
2025-10-02,118470.0,122040.0,118470.0,121910.0,6295.0
2025-10-03,121295.0,125025.0,120405.0,123635.0,8272.0
2025-10-06,123755.0,127240.0,123745.0,126315.0,7244.0
2025-10-07,126125.0,126295.0,121420.0,122355.0,8846.0
2025-10-08,122820.0,124940.0,121950.0,124070.0,6400.0
2025-10-09,123995.0,124465.0,120370.0,121620.0,7700.0
2025-10-10,122225.0,123270.0,113150.0,116990.0,10576.0
2025-10-13,115750.0,116515.0,114110.0,116380.0,8544.0
2025-10-14,116270.0,116385.0,110295.0,113085.0,10305.0
2025-10-15,113710.0,114040.0,110410.0,111550.0,6878.0
2025-10-16,111080.0,112280.0,107720.0,108445.0,8803.0
2025-10-17,108645.0,109470.0,103745.0,106675.0,10231.0
2025-10-20,109100.0,111945.0,107690.0,111075.0,6637.0
2025-10-21,110845.0,114380.0,107705.0,112105.0,10922.0
2025-10-22,111040.0,111065.0,106950.0,107945.0,11023.0
2025-10-23,107475.0,111555.0,107055.0,110420.0,6454.0
2025-10-24,109920.0,112355.0,109820.0,110740.0,5873.0
2025-10-27,113495.0,116570.0,113495.0,115070.0,6484.0
2025-10-28,114480.0,116285.0,112410.0,113745.0,6174.0
2025-10-29,113685.0,114315.0,109810.0,111140.0,3896.0
2025-10-30,112040.0,112195.0,106735.0,106955.0,4663.0
2025-10-31,108415.0,111630.0,107835.0,110320.0,6329.0
2025-11-03,110370.0,111290.0,105755.0,107070.0,5804.0
2025-11-04,106960.0,107770.0,99250.0,101030.0,10945.0
2025-11-05,101575.0,105030.0,99285.0,104240.0,7206.0
2025-11-06,104150.0,104590.0,100610.0,101210.0,5338.0
2025-11-07,101650.0,104220.0,99425.0,104030.0,7374.0
2025-11-10,105120.0,107030.0,104565.0,106365.0,6535.0
2025-11-11,106410.0,107900.0,102610.0,102955.0,4882.0
2025-11-12,103160.0,105635.0,101020.0,101735.0,4909.0
2025-11-13,102160.0,104305.0,97905.0,98125.0,9340.0
2025-11-14,99705.0,100495.0,94230.0,94365.0,11918.0
2025-11-17,94320.0,96145.0,91315.0,91970.0,9762.0
2025-11-18,92175.0,93960.0,89325.0,92925.0,10468.0
2025-11-19,93185.0,93290.0,88600.0,89580.0,9866.0
2025-11-20,90560.0,93225.0,86075.0,86440.0,11477.0
2025-11-21,88080.0,88150.0,80750.0,84600.0,17842.0
2025-11-24,88220.0,89240.0,85200.0,89175.0,11201.0
2025-11-25,88690.0,88770.0,86135.0,87420.0,8209.0
2025-11-26,87920.0,90900.0,86605.0,90355.0,4762.0
2025-11-28,90940.0,93590.0,90590.0,91065.0,4365.0
2025-12-01,91620.0,91660.0,84120.0,85760.0,10757.0
2025-12-02,86935.0,92705.0,86500.0,91455.0,9559.0
2025-12-03,92300.0,94310.0,91405.0,93265.0,7037.0
2025-12-04,94195.0,94440.0,91165.0,92840.0,4567.0
2025-12-05,92590.0,92995.0,88405.0,89600.0,5677.0
2025-12-08,89820.0,92620.0,89800.0,90990.0,4824.0
2025-12-09,91090.0,94950.0,89770.0,93340.0,6766.0
2025-12-10,93040.0,94800.0,91810.0,92785.0,6354.0
2025-12-11,92715.0,93850.0,89440.0,92010.0,8423.0
2025-12-12,92725.0,93070.0,89640.0,90440.0,5718.0
2025-12-15,88575.0,90250.0,85325.0,85985.0,9127.0
2025-12-16,86305.0,88355.0,85365.0,87795.0,6068.0
2025-12-17,88015.0,90565.0,85405.0,85965.0,8360.0
2025-12-18,86445.0,89660.0,84505.0,84820.0,6929.0
2025-12-19,85585.0,89510.0,85135.0,88060.0,6326.0
2025-12-22,88570.0,90610.0,87870.0,88390.0,5159.0
2025-12-23,88570.0,88980.0,86580.0,87685.0,3733.0
2025-12-24,87835.0,88175.0,86760.0,87750.0,1808.0
2025-12-26,88070.0,90115.0,86915.0,87960.0,6189.0
2025-12-29,88200.0,90990.0,87075.0,87560.0,8626.0
2025-12-30,87670.0,89960.0,87125.0,88260.0,6087.0
2025-12-31,88825.0,89705.0,87470.0,87885.0,4801.0
2026-01-02,88775.0,91555.0,88720.0,90190.0,10580.0
2026-01-05,91595.0,95245.0,91595.0,94585.0,10551.0
2026-01-06,94525.0,94885.0,91460.0,92795.0,9823.0
2026-01-07,93730.0,94190.0,90880.0,91235.0,7510.0
2026-01-08,91280.0,91840.0,89410.0,91105.0,5866.0
2026-01-09,91510.0,92275.0,89825.0,90405.0,6251.0
2026-01-12,90720.0,92830.0,90180.0,91660.0,10188.0
2026-01-13,91330.0,94850.0,91145.0,94715.0,8808.0
2026-01-14,95905.0,98200.0,94790.0,97965.0,10379.0
2026-01-15,97250.0,97700.0,95285.0,95355.0,7137.0
2026-01-16,95660.0,96060.0,94395.0,95665.0,4704.0
2026-01-20,95340.0,95600.0,89255.0,89665.0,10812.0
2026-01-21,88495.0,90600.0,87270.0,90230.0,8382.0
2026-01-22,89890.0,90425.0,88490.0,89445.0,6018.0
2026-01-23,89430.0,91290.0,88550.0,89500.0,6707.0
2026-01-26,86560.0,88875.0,85900.0,87585.0,6813.0
2026-01-27,88065.0,89545.0,87210.0,89390.0,5535.0
2026-01-28,89685.0,90885.0,89140.0,89450.0,2894.0
2026-01-29,89660.0,89740.0,83475.0,84400.0,7220.0
2026-01-30,84545.0,84945.0,81210.0,84105.0,8256.0
2026-02-02,77730.0,79660.0,74785.0,78205.0,13376.0
2026-02-03,79000.0,79435.0,73085.0,76680.0,9762.0
2026-02-04,75825.0,77110.0,72170.0,73570.0,9511.0
2026-02-05,72550.0,73575.0,62480.0,63795.0,20735.0
2026-02-06,64065.0,71690.0,60005.0,70260.0,20550.0
2026-02-09,71310.0,72760.0,68400.0,70945.0,8363.0
2026-02-10,70520.0,70740.0,68000.0,68935.0,5556.0
2026-02-11,68810.0,69415.0,65825.0,67715.0,8057.0
2026-02-12,67635.0,68520.0,65200.0,65500.0,8519.0
2026-02-13,66240.0,69580.0,65970.0,68835.0,7785.0
2026-02-17,69120.0,70170.0,66635.0,67865.0,8576.0
2026-02-18,67625.0,68570.0,65895.0,66330.0,6310.0
2026-02-19,66425.0,67400.0,65680.0,67205.0,5741.0
2026-02-20,66970.0,68450.0,66565.0,67825.0,6012.0
2026-02-23,67665.0,67760.0,63940.0,64510.0,10734.0
2026-02-24,64655.0,65060.0,62590.0,64545.0,6736.0
2026-02-25,64490.0,70425.0,64210.0,69515.0,5328.0
2026-02-26,68835.0,69195.0,66805.0,67770.0,5788.0
2026-02-27,67700.0,68560.0,65390.0,65880.0,6838.0
2026-03-02,65405.0,70445.0,65000.0,69480.0,14900.0
2026-03-03,69545.0,69740.0,66385.0,68465.0,10393.0
2026-03-04,68600.0,74365.0,67615.0,73445.0,13751.0
2026-03-05,73075.0,73825.0,70845.0,71530.0,8468.0
2026-03-06,71390.0,71645.0,67860.0,68295.0,7397.0
2026-03-09,67085.0,69750.0,65685.0,69205.0,8383.0
2026-03-10,69175.0,72030.0,68485.0,70195.0,9179.0
2026-03-11,70005.0,71560.0,69080.0,70825.0,5641.0
2026-03-12,70910.0,71145.0,69345.0,70645.0,6236.0
2026-03-13,70445.0,74210.0,70200.0,71325.0,11996.0
2026-03-16,72245.0,74745.0,71845.0,74120.0,7793.0
2026-03-17,74655.0,76190.0,73305.0,74685.0,6268.0
2026-03-18,74765.0,74895.0,70585.0,71115.0,8621.0
2026-03-19,71275.0,71755.0,68835.0,70360.0,5772.0
2026-03-20,70430.0,71480.0,69440.0,70220.0,5061.0
2026-03-23,67995.0,71860.0,67460.0,70735.0,8105.0
2026-03-24,70980.0,71490.0,68915.0,69355.0,6382.0
2026-03-25,70555.0,72315.0,70405.0,71140.0,3439.0
2026-03-26,71350.0,71820.0,68340.0,68770.0,5099.0
2026-03-27,69200.0,69315.0,65710.0,66225.0,7457.0
2026-03-30,66765.0,68420.0,65090.0,66675.0,7169.0
2026-03-31,67200.0,68805.0,66125.0,68035.0,8450.0
2026-04-01,68510.0,69585.0,67750.0,68340.0,5990.0
2026-04-02,68500.0,68875.0,65850.0,67180.0,7912.0
2026-04-03,67170.0,67625.0,66480.0,67135.0,1172.0
2026-04-06,67755.0,70600.0,67570.0,69945.0,8544.0
2026-04-07,69780.0,69795.0,67835.0,69170.0,7592.0
2026-04-08,70055.0,73080.0,70055.0,71475.0,11358.0
2026-04-09,71690.0,72800.0,70650.0,72290.0,6489.0
2026-04-10,72510.0,73820.0,71570.0,73485.0,6253.0
2026-04-13,71520.0,73660.0,70535.0,73505.0,7549.0
2026-04-14,73400.0,76320.0,73400.0,74400.0,10168.0
2026-04-15,74370.0,75445.0,73420.0,75175.0,5279.0
2026-04-16,75160.0,75655.0,73185.0,75510.0,5428.0
2026-04-17,75205.0,78545.0,74645.0,77600.0,9673.0
2026-04-20,74600.0,76685.0,73810.0,76380.0,6791.0
2026-04-21,76100.0,77030.0,74860.0,75060.0,5333.0
2026-04-22,75865.0,80000.0,75810.0,79370.0,6228.0
2026-04-23,79285.0,79285.0,77335.0,78235.0,4214.0
2026-04-24,78395.0,79095.0,77690.0,78015.0,6850.0
2026-04-27,78690.0,79930.0,76770.0,77190.0,7469.0
2026-04-28,77065.0,77840.0,75935.0,76660.0,4007.0
2026-04-29,76770.0,78325.0,75130.0,75775.0,6863.0
2026-04-30,76100.0,77030.0,75655.0,76740.0,3822.0
2026-05-01,76605.0,79420.0,76515.0,78775.0,9163.0
2026-05-04,78925.0,81155.0,78545.0,80390.0,11263.0
2026-05-05,80550.0,82120.0,80040.0,81945.0,6207.0
2026-05-06,81855.0,83215.0,81005.0,81735.0,7145.0
2026-05-07,81770.0,81995.0,79645.0,80345.0,6562.0
2026-05-08,79905.0,80730.0,79370.0,80385.0,4758.0
2026-05-11,80895.0,82725.0,80585.0,82185.0,8241.0
2026-05-12,82115.0,82215.0,79950.0,80995.0,5321.0
2026-05-13,80875.0,81530.0,78815.0,79745.0,8044.0
2026-05-14,79565.0,82310.0,78985.0,81620.0,10374.0
2026-05-15,81555.0,81895.0,78675.0,79210.0,10419.0
2026-05-18,78325.0,78495.0,76020.0,76895.0,8663.0
2026-05-19,77080.0,77425.0,76120.0,76835.0,4557.0
2026-05-20,77090.0,77920.0,76465.0,77705.0,5551.0
2026-05-21,77470.0,78275.0,76655.0,77695.0,6712.0
2026-05-22,77650.0,77940.0,75590.0,75775.0,6199.0
2026-05-26,76485.0,78085.0,75620.0,75895.0,11733.0
2026-05-27,76120.0,76275.0,74810.0,75170.0,3176.0
2026-05-28,74680.0,74830.0,72655.0,73620.0,5437.0
2026-05-29,74090.0,74535.0,72595.0,73715.0,6418.0
2026-06-01,73920.0,74385.0,70750.0,71735.0,7987.0
2026-06-02,71165.0,71705.0,66525.0,67395.0,9003.0
2026-06-03,67680.0,67680.0,64905.0,65585.0,8990.0
2026-06-04,65850.0,65925.0,61545.0,63795.0,12763.0
2026-06-05,63540.0,64050.0,59275.0,61845.0,15493.0
2026-06-08,62205.0,64365.0,59600.0,63475.0,9505.0
2026-06-09,63845.0,63845.0,60805.0,62170.0,8174.0
2026-06-10,61835.0,62970.0,60790.0,62030.0,6488.0
2026-06-11,60985.0,63985.0,60985.0,63675.0,6990.0
2026-06-12,63530.0,64485.0,62835.0,63660.0,7124.0
2026-06-15,63505.0,67360.0,63430.0,66575.0,6406.0
2026-06-16,66470.0,67010.0,65360.0,65700.0,4021.0
2026-06-17,65730.0,66500.0,64010.0,64270.0,7133.0
2026-06-18,64375.0,64830.0,62235.0,62945.0,7622.0
2026-06-22,63085.0,65600.0,62315.0,64450.0,9586.0
2026-06-23,64300.0,64365.0,61890.0,62365.0,6356.0
2026-06-24,62785.0,63310.0,59220.0,60090.0,5507.0
2026-06-25,61300.0,62155.0,58190.0,59435.0,5826.0
2026-06-26,59710.0,60900.0,58505.0,59995.0,8768.0
2026-06-29,59880.0,61125.0,58945.0,60555.0,9624.0
2026-06-30,60455.0,60735.0,58225.0,58900.0,6413.0
2026-07-01,58665.0,60705.0,57850.0,60180.0,8864.0
2026-07-02,60845.0,62420.0,59710.0,61655.0,7315.0
2026-07-06,61740.0,64260.0,61420.0,63885.0,12779.0
2026-07-07,64260.0,64770.0,62760.0,63980.0,6376.0
2026-07-08,63750.0,63930.0,61645.0,62430.0,6725.0
2026-07-09,62190.0,63670.0,61795.0,63385.0,5726.0
2026-07-10,63485.0,64915.0,63070.0,64085.0,6307.0
2026-07-13,64120.0,64680.0,61865.0,62350.0,8765.0
2026-07-14,62010.0,65450.0,61925.0,64715.0,9447.0
2026-07-15,64995.0,65740.0,64585.0,65085.0,5921.0
2026-07-16,64975.0,65105.0,63920.0,64385.0,4178.0
2026-07-17,64335.0,64525.0,62570.0,64270.0,6788.0
2026-07-20,64255.0,65890.0,63820.0,65185.0,7451.0
2026-07-21,65505.0,67095.0,65165.0,66520.0,6603.0
2026-07-22,66410.0,66840.0,65570.0,66010.0,4059.0
2026-07-23,66110.0,66385.0,64650.0,64855.0,4937.0
2026-07-24,65150.0,65895.0,63680.0,64215.0,6932.0
2026-07-27,64215.0,66075.0,63875.0,64965.0,6833.0
2026-07-28,64810.0,64810.0,62680.0,63870.0,6132.0
2026-07-29,64285.0,65000.0,63535.0,63770.0,3640.0
2026-07-30,63825.0,65435.0,63765.0,65085.0,4186.0
2026-07-31,65080.0,65800.0,62400.0,63130.0,10517.0
2026-08-03,63160.0,64315.0,62350.0,64085.0,9432.0
2026-08-04,63955.0,64635.0,63550.0,64485.0,7189.0
2026-08-05,64430.0,65285.0,64045.0,65080.0,5734.0
2026-08-06,64955.0,65255.0,64315.0,64620.0,4614.0
2026-08-07,64585.0,66020.0,64290.0,65175.0,7107.0
2026-08-10,65170.0,65700.0,63865.0,64120.0,8126.0
2026-08-11,64205.0,64610.0,63260.0,63600.0,5945.0
2026-08-12,63760.0,64675.0,63355.0,63455.0,6509.0
2026-08-13,63520.0,64115.0,62865.0,63475.0,7493.0
2026-08-14,63530.0,63715.0,62520.0,62975.0,6775.0
2026-08-17,62920.0,64725.0,62700.0,64410.0,12457.0
2026-08-18,64495.0,65190.0,64070.0,64715.0,6513.0
2026-08-19,64715.0,69895.0,64185.0,68575.0,17681.0
2026-08-20,69195.0,73230.0,69100.0,72790.0,14943.0
2026-08-21,72845.0,79625.0,72670.0,77180.0,16011.0
2026-08-24,77735.0,80115.0,75835.0,78850.0,10887.0
2026-08-25,79065.0,81350.0,78180.0,79010.0,8496.0
2026-08-26,78600.0,79715.0,78020.0,78880.0,4088.0
2026-08-27,79190.0,81250.0,78940.0,80280.0,6577.0
2026-08-28,80460.0,81925.0,77165.0,77835.0,10946.0
2026-08-31,77685.0,79600.0,77320.0,79245.0,7253.0
2026-09-01,79140.0,79530.0,76645.0,77545.0,7808.0
2026-09-02,77120.0,78060.0,76480.0,77580.0,4872.0
2026-09-03,77545.0,82135.0,77160.0,82080.0,10631.0
2026-09-04,81705.0,82515.0,78830.0,80055.0,9745.0
